INSERT INTO PROFESORES
VALUES ('1001', 'Ariel Herrera', '29123456', 'Av SiempreViva 123', 'Springfield', '+541152345678', 'Ingeniero en Informática', 234589.0, '002345678912345689012');
INSERT INTO PROFESORES
VALUES ('1002', 'Daniel Kloster', '18123456', 'Cordoba 456', 'CABA', '+541152345987', 'Licenciado en Sistemas', 234589.0, '002345678912345688767');
INSERT INTO PROFESORES
VALUES ('1003', 'Brian Lara Campos', '31123456', 'Av. San Martín 789', 'CABA', '+541155555678', 'Licenciado en Sistemas', 234589.0, '002347611912345689012');
INSERT INTO PROFESORES
VALUES ('1004', 'Rosa Maria Colucci ', '18765432', 'Calle Mitre 345', 'Buenos Aires', '+541167832189', 'Profesora de Ingles', 234589.0, '002347611912345310009');
INSERT INTO CURSOS
VALUES ('PRG1TNC02251C', 'PROGRAMACION I', '1003', '1 CUATRIMESTRE', 'MIERCOLES', '18:00:00');
INSERT INTO CURSOS
VALUES ('BDA2TMC01251C', 'BASES DE DATOS II', '1001', '1 CUATRIMESTRE', 'MARTES', '09:00:00');
INSERT INTO CURSOS
VALUES ('PRG2TNC02251C', 'PROGRAMACION II', '1002', '1 CUATRIMESTRE', 'LUNES', '18:00:00');
INSERT INTO CURSOS
VALUES ('BDA2TNC02251C', 'BASE DE DATOS II', '1003', '1 CUATRIMESTRE', 'LUNES', '18:00:00');
INSERT INTO CURSOS
VALUES ('ING2TNC01251C', 'INGLES II', '1004', '1 CUATRIMESTRE', 'MARTES', '18:00:00');
INSERT INTO ALUMNOS
VALUES ('31607748', '30490', 'Natalia Mucci', '+542235287012', '9 de julio 257')
INSERT INTO ALUMNOS
VALUES ('35678456', '29870', 'Miguel Angel Lardo', '+541134256712', 'Florida 2468');
INSERT INTO ALUMNOS VALUES 
('40111222', '29710', 'Marcos Lopez', '+541145678910', 'Av. Rivadavia 456'),
('40222333', '33578', 'Laura Mendez', '+541176543210', 'Corrientes 5678'),
('40333444', '31654', 'Nicolas Suarez', '+541132109876', 'Independencia 910'),
('40444555', '32980', 'Sofia Ramirez', '+541187654321', 'Cabildo 1357');

INSERT INTO CURXALU
VALUES 
('PRG1TNC02251C', '31607748', 8.0, 7.5),  
('BDA2TMC01251C', '35678456', 8.0, 8.0),  
('PRG2TNC02251C', '40111222', 9.0, 9.5),  
('BDA2TNC02251C', '40222333', 7.0, 7.5), 
('ING2TNC01251C', '40333444', 6.0, 6.5), 
('BDA2TNC02251C', '40444555', 8.5, 9.0),
('ING2TNC01251C', '31607748', 10.0, 10.0),  
('PRG2TNC02251C', '35678456', 9.0, 9.0);  

